{
    "rmse": 0.6383292906558542,
    "mae": 0.5215721049690395,
    "r2": 0.3764948279134075
}