{
    "mse": 0.41329935904415166,
    "mae": 0.5328813180498452,
    "r2": 0.3063305142648932
}